product_id,product_name,category_name,category_code,subcategory
1,Product 1,Sports,electronics.smartphone,smartphone
2,Product 2,Electronics,electronics.smartphone,smartphone
3,Product 3,Sports,electronics.smartphone,smartphone
4,Product 4,Clothing,electronics.smartphone,smartphone
5,Product 5,Home,electronics.smartphone,smartphone
6,Product 6,Home,electronics.smartphone,smartphone
7,Product 7,Sports,electronics.smartphone,smartphone
8,Product 8,Home,electronics.smartphone,smartphone
9,Product 9,Home,electronics.smartphone,smartphone
10,Product 10,Home,electronics.smartphone,smartphone
11,Product 11,Electronics,electronics.smartphone,smartphone
12,Product 12,Clothing,electronics.smartphone,smartphone
13,Product 13,Sports,electronics.smartphone,smartphone
14,Product 14,Sports,electronics.smartphone,smartphone
15,Product 15,Home,electronics.smartphone,smartphone
16,Product 16,Clothing,electronics.smartphone,smartphone
17,Product 17,Electronics,electronics.smartphone,smartphone
18,Product 18,Electronics,electronics.smartphone,smartphone
19,Product 19,Electronics,electronics.smartphone,smartphone
20,Product 20,Electronics,electronics.smartphone,smartphone
21,Product 21,Electronics,electronics.smartphone,smartphone
22,Product 22,Clothing,electronics.smartphone,smartphone
23,Product 23,Electronics,electronics.smartphone,smartphone
24,Product 24,Home,electronics.smartphone,smartphone
25,Product 25,Sports,electronics.smartphone,smartphone
26,Product 26,Electronics,electronics.smartphone,smartphone
27,Product 27,Electronics,electronics.smartphone,smartphone
28,Product 28,Clothing,electronics.smartphone,smartphone
29,Product 29,Clothing,electronics.smartphone,smartphone
30,Product 30,Electronics,electronics.smartphone,smartphone
31,Product 31,Sports,electronics.smartphone,smartphone
32,Product 32,Home,electronics.smartphone,smartphone
33,Product 33,Home,electronics.smartphone,smartphone
34,Product 34,Sports,electronics.smartphone,smartphone
35,Product 35,Electronics,electronics.smartphone,smartphone
36,Product 36,Clothing,electronics.smartphone,smartphone
37,Product 37,Sports,electronics.smartphone,smartphone
38,Product 38,Clothing,electronics.smartphone,smartphone
39,Product 39,Sports,electronics.smartphone,smartphone
40,Product 40,Sports,electronics.smartphone,smartphone
41,Product 41,Clothing,electronics.smartphone,smartphone
42,Product 42,Electronics,electronics.smartphone,smartphone
43,Product 43,Electronics,electronics.smartphone,smartphone
44,Product 44,Electronics,electronics.smartphone,smartphone
45,Product 45,Electronics,electronics.smartphone,smartphone
46,Product 46,Electronics,electronics.smartphone,smartphone
47,Product 47,Clothing,electronics.smartphone,smartphone
48,Product 48,Home,electronics.smartphone,smartphone
49,Product 49,Clothing,electronics.smartphone,smartphone
50,Product 50,Clothing,electronics.smartphone,smartphone
51,Product 51,Clothing,electronics.smartphone,smartphone
52,Product 52,Clothing,electronics.smartphone,smartphone
53,Product 53,Home,electronics.smartphone,smartphone
54,Product 54,Sports,electronics.smartphone,smartphone
55,Product 55,Home,electronics.smartphone,smartphone
56,Product 56,Sports,electronics.smartphone,smartphone
57,Product 57,Electronics,electronics.smartphone,smartphone
58,Product 58,Sports,electronics.smartphone,smartphone
59,Product 59,Electronics,electronics.smartphone,smartphone
60,Product 60,Sports,electronics.smartphone,smartphone
61,Product 61,Clothing,electronics.smartphone,smartphone
62,Product 62,Sports,electronics.smartphone,smartphone
63,Product 63,Clothing,electronics.smartphone,smartphone
64,Product 64,Clothing,electronics.smartphone,smartphone
65,Product 65,Clothing,electronics.smartphone,smartphone
66,Product 66,Electronics,electronics.smartphone,smartphone
67,Product 67,Home,electronics.smartphone,smartphone
68,Product 68,Sports,electronics.smartphone,smartphone
69,Product 69,Sports,electronics.smartphone,smartphone
70,Product 70,Electronics,electronics.smartphone,smartphone
71,Product 71,Sports,electronics.smartphone,smartphone
72,Product 72,Electronics,electronics.smartphone,smartphone
73,Product 73,Home,electronics.smartphone,smartphone
74,Product 74,Clothing,electronics.smartphone,smartphone
75,Product 75,Clothing,electronics.smartphone,smartphone
76,Product 76,Electronics,electronics.smartphone,smartphone
77,Product 77,Home,electronics.smartphone,smartphone
78,Product 78,Clothing,electronics.smartphone,smartphone
79,Product 79,Home,electronics.smartphone,smartphone
80,Product 80,Clothing,electronics.smartphone,smartphone
81,Product 81,Home,electronics.smartphone,smartphone
82,Product 82,Sports,electronics.smartphone,smartphone
83,Product 83,Home,electronics.smartphone,smartphone
84,Product 84,Home,electronics.smartphone,smartphone
85,Product 85,Electronics,electronics.smartphone,smartphone
86,Product 86,Sports,electronics.smartphone,smartphone
87,Product 87,Electronics,electronics.smartphone,smartphone
88,Product 88,Clothing,electronics.smartphone,smartphone
89,Product 89,Electronics,electronics.smartphone,smartphone
90,Product 90,Clothing,electronics.smartphone,smartphone
91,Product 91,Home,electronics.smartphone,smartphone
92,Product 92,Sports,electronics.smartphone,smartphone
93,Product 93,Clothing,electronics.smartphone,smartphone
94,Product 94,Home,electronics.smartphone,smartphone
95,Product 95,Sports,electronics.smartphone,smartphone
96,Product 96,Home,electronics.smartphone,smartphone
97,Product 97,Clothing,electronics.smartphone,smartphone
98,Product 98,Electronics,electronics.smartphone,smartphone
99,Product 99,Clothing,electronics.smartphone,smartphone
100,Product 100,Clothing,electronics.smartphone,smartphone
101,Product 101,Sports,electronics.smartphone,smartphone
102,Product 102,Sports,electronics.smartphone,smartphone
103,Product 103,Sports,electronics.smartphone,smartphone
104,Product 104,Electronics,electronics.smartphone,smartphone
105,Product 105,Clothing,electronics.smartphone,smartphone
106,Product 106,Home,electronics.smartphone,smartphone
107,Product 107,Electronics,electronics.smartphone,smartphone
108,Product 108,Electronics,electronics.smartphone,smartphone
109,Product 109,Clothing,electronics.smartphone,smartphone
110,Product 110,Home,electronics.smartphone,smartphone
111,Product 111,Electronics,electronics.smartphone,smartphone
112,Product 112,Sports,electronics.smartphone,smartphone
113,Product 113,Clothing,electronics.smartphone,smartphone
114,Product 114,Sports,electronics.smartphone,smartphone
115,Product 115,Electronics,electronics.smartphone,smartphone
116,Product 116,Clothing,electronics.smartphone,smartphone
117,Product 117,Sports,electronics.smartphone,smartphone
118,Product 118,Electronics,electronics.smartphone,smartphone
119,Product 119,Home,electronics.smartphone,smartphone
120,Product 120,Home,electronics.smartphone,smartphone
121,Product 121,Home,electronics.smartphone,smartphone
122,Product 122,Electronics,electronics.smartphone,smartphone
123,Product 123,Electronics,electronics.smartphone,smartphone
124,Product 124,Home,electronics.smartphone,smartphone
125,Product 125,Home,electronics.smartphone,smartphone
126,Product 126,Electronics,electronics.smartphone,smartphone
127,Product 127,Home,electronics.smartphone,smartphone
128,Product 128,Sports,electronics.smartphone,smartphone
129,Product 129,Electronics,electronics.smartphone,smartphone
130,Product 130,Sports,electronics.smartphone,smartphone
131,Product 131,Sports,electronics.smartphone,smartphone
132,Product 132,Home,electronics.smartphone,smartphone
133,Product 133,Clothing,electronics.smartphone,smartphone
134,Product 134,Home,electronics.smartphone,smartphone
135,Product 135,Home,electronics.smartphone,smartphone
136,Product 136,Home,electronics.smartphone,smartphone
137,Product 137,Sports,electronics.smartphone,smartphone
138,Product 138,Clothing,electronics.smartphone,smartphone
139,Product 139,Electronics,electronics.smartphone,smartphone
140,Product 140,Electronics,electronics.smartphone,smartphone
141,Product 141,Clothing,electronics.smartphone,smartphone
142,Product 142,Electronics,electronics.smartphone,smartphone
143,Product 143,Clothing,electronics.smartphone,smartphone
144,Product 144,Sports,electronics.smartphone,smartphone
145,Product 145,Electronics,electronics.smartphone,smartphone
146,Product 146,Electronics,electronics.smartphone,smartphone
147,Product 147,Electronics,electronics.smartphone,smartphone
148,Product 148,Sports,electronics.smartphone,smartphone
149,Product 149,Home,electronics.smartphone,smartphone
150,Product 150,Electronics,electronics.smartphone,smartphone
151,Product 151,Electronics,electronics.smartphone,smartphone
152,Product 152,Clothing,electronics.smartphone,smartphone
153,Product 153,Sports,electronics.smartphone,smartphone
154,Product 154,Electronics,electronics.smartphone,smartphone
155,Product 155,Electronics,electronics.smartphone,smartphone
156,Product 156,Clothing,electronics.smartphone,smartphone
157,Product 157,Clothing,electronics.smartphone,smartphone
158,Product 158,Home,electronics.smartphone,smartphone
159,Product 159,Sports,electronics.smartphone,smartphone
160,Product 160,Sports,electronics.smartphone,smartphone
161,Product 161,Electronics,electronics.smartphone,smartphone
162,Product 162,Sports,electronics.smartphone,smartphone
163,Product 163,Home,electronics.smartphone,smartphone
164,Product 164,Electronics,electronics.smartphone,smartphone
165,Product 165,Home,electronics.smartphone,smartphone
166,Product 166,Sports,electronics.smartphone,smartphone
167,Product 167,Home,electronics.smartphone,smartphone
168,Product 168,Clothing,electronics.smartphone,smartphone
169,Product 169,Sports,electronics.smartphone,smartphone
170,Product 170,Clothing,electronics.smartphone,smartphone
171,Product 171,Electronics,electronics.smartphone,smartphone
172,Product 172,Sports,electronics.smartphone,smartphone
173,Product 173,Electronics,electronics.smartphone,smartphone
174,Product 174,Home,electronics.smartphone,smartphone
175,Product 175,Home,electronics.smartphone,smartphone
176,Product 176,Electronics,electronics.smartphone,smartphone
177,Product 177,Clothing,electronics.smartphone,smartphone
178,Product 178,Clothing,electronics.smartphone,smartphone
179,Product 179,Electronics,electronics.smartphone,smartphone
180,Product 180,Sports,electronics.smartphone,smartphone
181,Product 181,Sports,electronics.smartphone,smartphone
182,Product 182,Electronics,electronics.smartphone,smartphone
183,Product 183,Sports,electronics.smartphone,smartphone
184,Product 184,Clothing,electronics.smartphone,smartphone
185,Product 185,Electronics,electronics.smartphone,smartphone
186,Product 186,Home,electronics.smartphone,smartphone
187,Product 187,Clothing,electronics.smartphone,smartphone
188,Product 188,Home,electronics.smartphone,smartphone
189,Product 189,Sports,electronics.smartphone,smartphone
190,Product 190,Sports,electronics.smartphone,smartphone
191,Product 191,Clothing,electronics.smartphone,smartphone
192,Product 192,Electronics,electronics.smartphone,smartphone
193,Product 193,Sports,electronics.smartphone,smartphone
194,Product 194,Clothing,electronics.smartphone,smartphone
195,Product 195,Electronics,electronics.smartphone,smartphone
196,Product 196,Home,electronics.smartphone,smartphone
197,Product 197,Clothing,electronics.smartphone,smartphone
198,Product 198,Sports,electronics.smartphone,smartphone
199,Product 199,Clothing,electronics.smartphone,smartphone
200,Product 200,Clothing,electronics.smartphone,smartphone
201,Product 201,Electronics,electronics.smartphone,smartphone
202,Product 202,Clothing,electronics.smartphone,smartphone
203,Product 203,Electronics,electronics.smartphone,smartphone
204,Product 204,Electronics,electronics.smartphone,smartphone
205,Product 205,Electronics,electronics.smartphone,smartphone
206,Product 206,Sports,electronics.smartphone,smartphone
207,Product 207,Electronics,electronics.smartphone,smartphone
208,Product 208,Sports,electronics.smartphone,smartphone
209,Product 209,Home,electronics.smartphone,smartphone
210,Product 210,Electronics,electronics.smartphone,smartphone
211,Product 211,Clothing,electronics.smartphone,smartphone
212,Product 212,Home,electronics.smartphone,smartphone
213,Product 213,Home,electronics.smartphone,smartphone
214,Product 214,Clothing,electronics.smartphone,smartphone
215,Product 215,Sports,electronics.smartphone,smartphone
216,Product 216,Home,electronics.smartphone,smartphone
217,Product 217,Electronics,electronics.smartphone,smartphone
218,Product 218,Electronics,electronics.smartphone,smartphone
219,Product 219,Electronics,electronics.smartphone,smartphone
220,Product 220,Clothing,electronics.smartphone,smartphone
221,Product 221,Clothing,electronics.smartphone,smartphone
222,Product 222,Electronics,electronics.smartphone,smartphone
223,Product 223,Home,electronics.smartphone,smartphone
224,Product 224,Electronics,electronics.smartphone,smartphone
225,Product 225,Sports,electronics.smartphone,smartphone
226,Product 226,Clothing,electronics.smartphone,smartphone
227,Product 227,Clothing,electronics.smartphone,smartphone
228,Product 228,Electronics,electronics.smartphone,smartphone
229,Product 229,Electronics,electronics.smartphone,smartphone
230,Product 230,Clothing,electronics.smartphone,smartphone
231,Product 231,Sports,electronics.smartphone,smartphone
232,Product 232,Electronics,electronics.smartphone,smartphone
233,Product 233,Sports,electronics.smartphone,smartphone
234,Product 234,Sports,electronics.smartphone,smartphone
235,Product 235,Sports,electronics.smartphone,smartphone
236,Product 236,Electronics,electronics.smartphone,smartphone
237,Product 237,Sports,electronics.smartphone,smartphone
238,Product 238,Electronics,electronics.smartphone,smartphone
239,Product 239,Electronics,electronics.smartphone,smartphone
240,Product 240,Clothing,electronics.smartphone,smartphone
241,Product 241,Sports,electronics.smartphone,smartphone
242,Product 242,Clothing,electronics.smartphone,smartphone
243,Product 243,Electronics,electronics.smartphone,smartphone
244,Product 244,Clothing,electronics.smartphone,smartphone
245,Product 245,Home,electronics.smartphone,smartphone
246,Product 246,Electronics,electronics.smartphone,smartphone
247,Product 247,Clothing,electronics.smartphone,smartphone
248,Product 248,Sports,electronics.smartphone,smartphone
249,Product 249,Sports,electronics.smartphone,smartphone
250,Product 250,Electronics,electronics.smartphone,smartphone
251,Product 251,Home,electronics.smartphone,smartphone
252,Product 252,Sports,electronics.smartphone,smartphone
253,Product 253,Sports,electronics.smartphone,smartphone
254,Product 254,Home,electronics.smartphone,smartphone
255,Product 255,Sports,electronics.smartphone,smartphone
256,Product 256,Clothing,electronics.smartphone,smartphone
257,Product 257,Sports,electronics.smartphone,smartphone
258,Product 258,Sports,electronics.smartphone,smartphone
259,Product 259,Home,electronics.smartphone,smartphone
260,Product 260,Sports,electronics.smartphone,smartphone
261,Product 261,Electronics,electronics.smartphone,smartphone
262,Product 262,Clothing,electronics.smartphone,smartphone
263,Product 263,Home,electronics.smartphone,smartphone
264,Product 264,Home,electronics.smartphone,smartphone
265,Product 265,Electronics,electronics.smartphone,smartphone
266,Product 266,Sports,electronics.smartphone,smartphone
267,Product 267,Electronics,electronics.smartphone,smartphone
268,Product 268,Clothing,electronics.smartphone,smartphone
269,Product 269,Sports,electronics.smartphone,smartphone
270,Product 270,Electronics,electronics.smartphone,smartphone
271,Product 271,Clothing,electronics.smartphone,smartphone
272,Product 272,Clothing,electronics.smartphone,smartphone
273,Product 273,Sports,electronics.smartphone,smartphone
274,Product 274,Electronics,electronics.smartphone,smartphone
275,Product 275,Sports,electronics.smartphone,smartphone
276,Product 276,Clothing,electronics.smartphone,smartphone
277,Product 277,Electronics,electronics.smartphone,smartphone
278,Product 278,Electronics,electronics.smartphone,smartphone
279,Product 279,Home,electronics.smartphone,smartphone
280,Product 280,Clothing,electronics.smartphone,smartphone
281,Product 281,Sports,electronics.smartphone,smartphone
282,Product 282,Electronics,electronics.smartphone,smartphone
283,Product 283,Clothing,electronics.smartphone,smartphone
284,Product 284,Home,electronics.smartphone,smartphone
285,Product 285,Home,electronics.smartphone,smartphone
286,Product 286,Clothing,electronics.smartphone,smartphone
287,Product 287,Electronics,electronics.smartphone,smartphone
288,Product 288,Clothing,electronics.smartphone,smartphone
289,Product 289,Home,electronics.smartphone,smartphone
290,Product 290,Electronics,electronics.smartphone,smartphone
291,Product 291,Sports,electronics.smartphone,smartphone
292,Product 292,Clothing,electronics.smartphone,smartphone
293,Product 293,Sports,electronics.smartphone,smartphone
294,Product 294,Sports,electronics.smartphone,smartphone
295,Product 295,Clothing,electronics.smartphone,smartphone
296,Product 296,Home,electronics.smartphone,smartphone
297,Product 297,Clothing,electronics.smartphone,smartphone
298,Product 298,Electronics,electronics.smartphone,smartphone
299,Product 299,Sports,electronics.smartphone,smartphone
300,Product 300,Electronics,electronics.smartphone,smartphone
301,Product 301,Electronics,electronics.smartphone,smartphone
302,Product 302,Clothing,electronics.smartphone,smartphone
303,Product 303,Clothing,electronics.smartphone,smartphone
304,Product 304,Clothing,electronics.smartphone,smartphone
305,Product 305,Sports,electronics.smartphone,smartphone
306,Product 306,Electronics,electronics.smartphone,smartphone
307,Product 307,Sports,electronics.smartphone,smartphone
308,Product 308,Electronics,electronics.smartphone,smartphone
309,Product 309,Clothing,electronics.smartphone,smartphone
310,Product 310,Home,electronics.smartphone,smartphone
311,Product 311,Home,electronics.smartphone,smartphone
312,Product 312,Clothing,electronics.smartphone,smartphone
313,Product 313,Home,electronics.smartphone,smartphone
314,Product 314,Electronics,electronics.smartphone,smartphone
315,Product 315,Home,electronics.smartphone,smartphone
316,Product 316,Home,electronics.smartphone,smartphone
317,Product 317,Sports,electronics.smartphone,smartphone
318,Product 318,Home,electronics.smartphone,smartphone
319,Product 319,Sports,electronics.smartphone,smartphone
320,Product 320,Clothing,electronics.smartphone,smartphone
321,Product 321,Sports,electronics.smartphone,smartphone
322,Product 322,Electronics,electronics.smartphone,smartphone
323,Product 323,Electronics,electronics.smartphone,smartphone
324,Product 324,Electronics,electronics.smartphone,smartphone
325,Product 325,Home,electronics.smartphone,smartphone
326,Product 326,Clothing,electronics.smartphone,smartphone
327,Product 327,Clothing,electronics.smartphone,smartphone
328,Product 328,Home,electronics.smartphone,smartphone
329,Product 329,Electronics,electronics.smartphone,smartphone
330,Product 330,Home,electronics.smartphone,smartphone
331,Product 331,Clothing,electronics.smartphone,smartphone
332,Product 332,Home,electronics.smartphone,smartphone
333,Product 333,Clothing,electronics.smartphone,smartphone
334,Product 334,Clothing,electronics.smartphone,smartphone
335,Product 335,Clothing,electronics.smartphone,smartphone
336,Product 336,Clothing,electronics.smartphone,smartphone
337,Product 337,Electronics,electronics.smartphone,smartphone
338,Product 338,Electronics,electronics.smartphone,smartphone
339,Product 339,Clothing,electronics.smartphone,smartphone
340,Product 340,Sports,electronics.smartphone,smartphone
341,Product 341,Electronics,electronics.smartphone,smartphone
342,Product 342,Home,electronics.smartphone,smartphone
343,Product 343,Clothing,electronics.smartphone,smartphone
344,Product 344,Electronics,electronics.smartphone,smartphone
345,Product 345,Home,electronics.smartphone,smartphone
346,Product 346,Home,electronics.smartphone,smartphone
347,Product 347,Electronics,electronics.smartphone,smartphone
348,Product 348,Electronics,electronics.smartphone,smartphone
349,Product 349,Home,electronics.smartphone,smartphone
350,Product 350,Clothing,electronics.smartphone,smartphone
351,Product 351,Sports,electronics.smartphone,smartphone
352,Product 352,Clothing,electronics.smartphone,smartphone
353,Product 353,Clothing,electronics.smartphone,smartphone
354,Product 354,Clothing,electronics.smartphone,smartphone
355,Product 355,Home,electronics.smartphone,smartphone
356,Product 356,Clothing,electronics.smartphone,smartphone
357,Product 357,Home,electronics.smartphone,smartphone
358,Product 358,Electronics,electronics.smartphone,smartphone
359,Product 359,Sports,electronics.smartphone,smartphone
360,Product 360,Sports,electronics.smartphone,smartphone
361,Product 361,Sports,electronics.smartphone,smartphone
362,Product 362,Home,electronics.smartphone,smartphone
363,Product 363,Clothing,electronics.smartphone,smartphone
364,Product 364,Electronics,electronics.smartphone,smartphone
365,Product 365,Electronics,electronics.smartphone,smartphone
366,Product 366,Home,electronics.smartphone,smartphone
367,Product 367,Electronics,electronics.smartphone,smartphone
368,Product 368,Clothing,electronics.smartphone,smartphone
369,Product 369,Clothing,electronics.smartphone,smartphone
370,Product 370,Clothing,electronics.smartphone,smartphone
371,Product 371,Sports,electronics.smartphone,smartphone
372,Product 372,Electronics,electronics.smartphone,smartphone
373,Product 373,Electronics,electronics.smartphone,smartphone
374,Product 374,Clothing,electronics.smartphone,smartphone
375,Product 375,Sports,electronics.smartphone,smartphone
376,Product 376,Electronics,electronics.smartphone,smartphone
377,Product 377,Sports,electronics.smartphone,smartphone
378,Product 378,Electronics,electronics.smartphone,smartphone
379,Product 379,Electronics,electronics.smartphone,smartphone
380,Product 380,Home,electronics.smartphone,smartphone
381,Product 381,Clothing,electronics.smartphone,smartphone
382,Product 382,Clothing,electronics.smartphone,smartphone
383,Product 383,Sports,electronics.smartphone,smartphone
384,Product 384,Clothing,electronics.smartphone,smartphone
385,Product 385,Clothing,electronics.smartphone,smartphone
386,Product 386,Home,electronics.smartphone,smartphone
387,Product 387,Clothing,electronics.smartphone,smartphone
388,Product 388,Sports,electronics.smartphone,smartphone
389,Product 389,Home,electronics.smartphone,smartphone
390,Product 390,Sports,electronics.smartphone,smartphone
391,Product 391,Electronics,electronics.smartphone,smartphone
392,Product 392,Clothing,electronics.smartphone,smartphone
393,Product 393,Clothing,electronics.smartphone,smartphone
394,Product 394,Electronics,electronics.smartphone,smartphone
395,Product 395,Clothing,electronics.smartphone,smartphone
396,Product 396,Home,electronics.smartphone,smartphone
397,Product 397,Home,electronics.smartphone,smartphone
398,Product 398,Electronics,electronics.smartphone,smartphone
399,Product 399,Home,electronics.smartphone,smartphone
400,Product 400,Electronics,electronics.smartphone,smartphone
401,Product 401,Sports,electronics.smartphone,smartphone
402,Product 402,Sports,electronics.smartphone,smartphone
403,Product 403,Home,electronics.smartphone,smartphone
404,Product 404,Sports,electronics.smartphone,smartphone
405,Product 405,Home,electronics.smartphone,smartphone
406,Product 406,Home,electronics.smartphone,smartphone
407,Product 407,Sports,electronics.smartphone,smartphone
408,Product 408,Sports,electronics.smartphone,smartphone
409,Product 409,Home,electronics.smartphone,smartphone
410,Product 410,Clothing,electronics.smartphone,smartphone
411,Product 411,Clothing,electronics.smartphone,smartphone
412,Product 412,Home,electronics.smartphone,smartphone
413,Product 413,Electronics,electronics.smartphone,smartphone
414,Product 414,Sports,electronics.smartphone,smartphone
415,Product 415,Sports,electronics.smartphone,smartphone
416,Product 416,Home,electronics.smartphone,smartphone
417,Product 417,Home,electronics.smartphone,smartphone
418,Product 418,Sports,electronics.smartphone,smartphone
419,Product 419,Clothing,electronics.smartphone,smartphone
420,Product 420,Electronics,electronics.smartphone,smartphone
421,Product 421,Electronics,electronics.smartphone,smartphone
422,Product 422,Home,electronics.smartphone,smartphone
423,Product 423,Clothing,electronics.smartphone,smartphone
424,Product 424,Home,electronics.smartphone,smartphone
425,Product 425,Sports,electronics.smartphone,smartphone
426,Product 426,Sports,electronics.smartphone,smartphone
427,Product 427,Electronics,electronics.smartphone,smartphone
428,Product 428,Sports,electronics.smartphone,smartphone
429,Product 429,Home,electronics.smartphone,smartphone
430,Product 430,Home,electronics.smartphone,smartphone
431,Product 431,Sports,electronics.smartphone,smartphone
432,Product 432,Electronics,electronics.smartphone,smartphone
433,Product 433,Sports,electronics.smartphone,smartphone
434,Product 434,Clothing,electronics.smartphone,smartphone
435,Product 435,Home,electronics.smartphone,smartphone
436,Product 436,Clothing,electronics.smartphone,smartphone
437,Product 437,Sports,electronics.smartphone,smartphone
438,Product 438,Electronics,electronics.smartphone,smartphone
439,Product 439,Clothing,electronics.smartphone,smartphone
440,Product 440,Electronics,electronics.smartphone,smartphone
441,Product 441,Clothing,electronics.smartphone,smartphone
442,Product 442,Clothing,electronics.smartphone,smartphone
443,Product 443,Electronics,electronics.smartphone,smartphone
444,Product 444,Clothing,electronics.smartphone,smartphone
445,Product 445,Electronics,electronics.smartphone,smartphone
446,Product 446,Sports,electronics.smartphone,smartphone
447,Product 447,Sports,electronics.smartphone,smartphone
448,Product 448,Electronics,electronics.smartphone,smartphone
449,Product 449,Home,electronics.smartphone,smartphone
450,Product 450,Sports,electronics.smartphone,smartphone
451,Product 451,Electronics,electronics.smartphone,smartphone
452,Product 452,Clothing,electronics.smartphone,smartphone
453,Product 453,Home,electronics.smartphone,smartphone
454,Product 454,Clothing,electronics.smartphone,smartphone
455,Product 455,Clothing,electronics.smartphone,smartphone
456,Product 456,Electronics,electronics.smartphone,smartphone
457,Product 457,Sports,electronics.smartphone,smartphone
458,Product 458,Sports,electronics.smartphone,smartphone
459,Product 459,Sports,electronics.smartphone,smartphone
460,Product 460,Sports,electronics.smartphone,smartphone
461,Product 461,Clothing,electronics.smartphone,smartphone
462,Product 462,Sports,electronics.smartphone,smartphone
463,Product 463,Sports,electronics.smartphone,smartphone
464,Product 464,Electronics,electronics.smartphone,smartphone
465,Product 465,Home,electronics.smartphone,smartphone
466,Product 466,Electronics,electronics.smartphone,smartphone
467,Product 467,Home,electronics.smartphone,smartphone
468,Product 468,Clothing,electronics.smartphone,smartphone
469,Product 469,Clothing,electronics.smartphone,smartphone
470,Product 470,Electronics,electronics.smartphone,smartphone
471,Product 471,Home,electronics.smartphone,smartphone
472,Product 472,Electronics,electronics.smartphone,smartphone
473,Product 473,Electronics,electronics.smartphone,smartphone
474,Product 474,Clothing,electronics.smartphone,smartphone
475,Product 475,Home,electronics.smartphone,smartphone
476,Product 476,Sports,electronics.smartphone,smartphone
477,Product 477,Clothing,electronics.smartphone,smartphone
478,Product 478,Sports,electronics.smartphone,smartphone
479,Product 479,Electronics,electronics.smartphone,smartphone
480,Product 480,Electronics,electronics.smartphone,smartphone
481,Product 481,Sports,electronics.smartphone,smartphone
482,Product 482,Electronics,electronics.smartphone,smartphone
483,Product 483,Sports,electronics.smartphone,smartphone
484,Product 484,Sports,electronics.smartphone,smartphone
485,Product 485,Electronics,electronics.smartphone,smartphone
486,Product 486,Home,electronics.smartphone,smartphone
487,Product 487,Clothing,electronics.smartphone,smartphone
488,Product 488,Electronics,electronics.smartphone,smartphone
489,Product 489,Clothing,electronics.smartphone,smartphone
490,Product 490,Home,electronics.smartphone,smartphone
491,Product 491,Home,electronics.smartphone,smartphone
492,Product 492,Clothing,electronics.smartphone,smartphone
493,Product 493,Home,electronics.smartphone,smartphone
494,Product 494,Clothing,electronics.smartphone,smartphone
495,Product 495,Sports,electronics.smartphone,smartphone
496,Product 496,Electronics,electronics.smartphone,smartphone
497,Product 497,Electronics,electronics.smartphone,smartphone
498,Product 498,Sports,electronics.smartphone,smartphone
499,Product 499,Clothing,electronics.smartphone,smartphone
500,Product 500,Home,electronics.smartphone,smartphone
501,Product 501,Electronics,electronics.smartphone,smartphone
502,Product 502,Electronics,electronics.smartphone,smartphone
503,Product 503,Sports,electronics.smartphone,smartphone
504,Product 504,Electronics,electronics.smartphone,smartphone
505,Product 505,Sports,electronics.smartphone,smartphone
506,Product 506,Electronics,electronics.smartphone,smartphone
507,Product 507,Electronics,electronics.smartphone,smartphone
508,Product 508,Home,electronics.smartphone,smartphone
509,Product 509,Home,electronics.smartphone,smartphone
510,Product 510,Home,electronics.smartphone,smartphone
511,Product 511,Sports,electronics.smartphone,smartphone
512,Product 512,Clothing,electronics.smartphone,smartphone
513,Product 513,Clothing,electronics.smartphone,smartphone
514,Product 514,Home,electronics.smartphone,smartphone
515,Product 515,Sports,electronics.smartphone,smartphone
516,Product 516,Clothing,electronics.smartphone,smartphone
517,Product 517,Clothing,electronics.smartphone,smartphone
518,Product 518,Sports,electronics.smartphone,smartphone
519,Product 519,Electronics,electronics.smartphone,smartphone
520,Product 520,Sports,electronics.smartphone,smartphone
521,Product 521,Home,electronics.smartphone,smartphone
522,Product 522,Home,electronics.smartphone,smartphone
523,Product 523,Sports,electronics.smartphone,smartphone
524,Product 524,Sports,electronics.smartphone,smartphone
525,Product 525,Clothing,electronics.smartphone,smartphone
526,Product 526,Home,electronics.smartphone,smartphone
527,Product 527,Sports,electronics.smartphone,smartphone
528,Product 528,Home,electronics.smartphone,smartphone
529,Product 529,Electronics,electronics.smartphone,smartphone
530,Product 530,Electronics,electronics.smartphone,smartphone
531,Product 531,Clothing,electronics.smartphone,smartphone
532,Product 532,Clothing,electronics.smartphone,smartphone
533,Product 533,Sports,electronics.smartphone,smartphone
534,Product 534,Clothing,electronics.smartphone,smartphone
535,Product 535,Clothing,electronics.smartphone,smartphone
536,Product 536,Sports,electronics.smartphone,smartphone
537,Product 537,Home,electronics.smartphone,smartphone
538,Product 538,Clothing,electronics.smartphone,smartphone
539,Product 539,Electronics,electronics.smartphone,smartphone
540,Product 540,Clothing,electronics.smartphone,smartphone
541,Product 541,Sports,electronics.smartphone,smartphone
542,Product 542,Clothing,electronics.smartphone,smartphone
543,Product 543,Electronics,electronics.smartphone,smartphone
544,Product 544,Clothing,electronics.smartphone,smartphone
545,Product 545,Sports,electronics.smartphone,smartphone
546,Product 546,Electronics,electronics.smartphone,smartphone
547,Product 547,Home,electronics.smartphone,smartphone
548,Product 548,Clothing,electronics.smartphone,smartphone
549,Product 549,Home,electronics.smartphone,smartphone
550,Product 550,Home,electronics.smartphone,smartphone
551,Product 551,Sports,electronics.smartphone,smartphone
552,Product 552,Sports,electronics.smartphone,smartphone
553,Product 553,Home,electronics.smartphone,smartphone
554,Product 554,Electronics,electronics.smartphone,smartphone
555,Product 555,Sports,electronics.smartphone,smartphone
556,Product 556,Clothing,electronics.smartphone,smartphone
557,Product 557,Clothing,electronics.smartphone,smartphone
558,Product 558,Clothing,electronics.smartphone,smartphone
559,Product 559,Home,electronics.smartphone,smartphone
560,Product 560,Clothing,electronics.smartphone,smartphone
561,Product 561,Home,electronics.smartphone,smartphone
562,Product 562,Sports,electronics.smartphone,smartphone
563,Product 563,Clothing,electronics.smartphone,smartphone
564,Product 564,Home,electronics.smartphone,smartphone
565,Product 565,Electronics,electronics.smartphone,smartphone
566,Product 566,Sports,electronics.smartphone,smartphone
567,Product 567,Clothing,electronics.smartphone,smartphone
568,Product 568,Sports,electronics.smartphone,smartphone
569,Product 569,Home,electronics.smartphone,smartphone
570,Product 570,Home,electronics.smartphone,smartphone
571,Product 571,Home,electronics.smartphone,smartphone
572,Product 572,Home,electronics.smartphone,smartphone
573,Product 573,Electronics,electronics.smartphone,smartphone
574,Product 574,Home,electronics.smartphone,smartphone
575,Product 575,Sports,electronics.smartphone,smartphone
576,Product 576,Electronics,electronics.smartphone,smartphone
577,Product 577,Clothing,electronics.smartphone,smartphone
578,Product 578,Clothing,electronics.smartphone,smartphone
579,Product 579,Home,electronics.smartphone,smartphone
580,Product 580,Electronics,electronics.smartphone,smartphone
581,Product 581,Sports,electronics.smartphone,smartphone
582,Product 582,Clothing,electronics.smartphone,smartphone
583,Product 583,Electronics,electronics.smartphone,smartphone
584,Product 584,Electronics,electronics.smartphone,smartphone
585,Product 585,Sports,electronics.smartphone,smartphone
586,Product 586,Sports,electronics.smartphone,smartphone
587,Product 587,Sports,electronics.smartphone,smartphone
588,Product 588,Clothing,electronics.smartphone,smartphone
589,Product 589,Sports,electronics.smartphone,smartphone
590,Product 590,Clothing,electronics.smartphone,smartphone
591,Product 591,Home,electronics.smartphone,smartphone
592,Product 592,Electronics,electronics.smartphone,smartphone
593,Product 593,Electronics,electronics.smartphone,smartphone
594,Product 594,Sports,electronics.smartphone,smartphone
595,Product 595,Electronics,electronics.smartphone,smartphone
596,Product 596,Sports,electronics.smartphone,smartphone
597,Product 597,Clothing,electronics.smartphone,smartphone
598,Product 598,Home,electronics.smartphone,smartphone
599,Product 599,Electronics,electronics.smartphone,smartphone
600,Product 600,Electronics,electronics.smartphone,smartphone
601,Product 601,Clothing,electronics.smartphone,smartphone
602,Product 602,Sports,electronics.smartphone,smartphone
603,Product 603,Electronics,electronics.smartphone,smartphone
604,Product 604,Sports,electronics.smartphone,smartphone
605,Product 605,Clothing,electronics.smartphone,smartphone
606,Product 606,Clothing,electronics.smartphone,smartphone
607,Product 607,Electronics,electronics.smartphone,smartphone
608,Product 608,Home,electronics.smartphone,smartphone
609,Product 609,Sports,electronics.smartphone,smartphone
610,Product 610,Sports,electronics.smartphone,smartphone
611,Product 611,Electronics,electronics.smartphone,smartphone
612,Product 612,Clothing,electronics.smartphone,smartphone
613,Product 613,Home,electronics.smartphone,smartphone
614,Product 614,Electronics,electronics.smartphone,smartphone
615,Product 615,Sports,electronics.smartphone,smartphone
616,Product 616,Electronics,electronics.smartphone,smartphone
617,Product 617,Home,electronics.smartphone,smartphone
618,Product 618,Electronics,electronics.smartphone,smartphone
619,Product 619,Clothing,electronics.smartphone,smartphone
620,Product 620,Home,electronics.smartphone,smartphone
621,Product 621,Sports,electronics.smartphone,smartphone
622,Product 622,Clothing,electronics.smartphone,smartphone
623,Product 623,Sports,electronics.smartphone,smartphone
624,Product 624,Clothing,electronics.smartphone,smartphone
625,Product 625,Electronics,electronics.smartphone,smartphone
626,Product 626,Electronics,electronics.smartphone,smartphone
627,Product 627,Home,electronics.smartphone,smartphone
628,Product 628,Electronics,electronics.smartphone,smartphone
629,Product 629,Sports,electronics.smartphone,smartphone
630,Product 630,Sports,electronics.smartphone,smartphone
631,Product 631,Electronics,electronics.smartphone,smartphone
632,Product 632,Sports,electronics.smartphone,smartphone
633,Product 633,Electronics,electronics.smartphone,smartphone
634,Product 634,Clothing,electronics.smartphone,smartphone
635,Product 635,Electronics,electronics.smartphone,smartphone
636,Product 636,Sports,electronics.smartphone,smartphone
637,Product 637,Sports,electronics.smartphone,smartphone
638,Product 638,Electronics,electronics.smartphone,smartphone
639,Product 639,Home,electronics.smartphone,smartphone
640,Product 640,Sports,electronics.smartphone,smartphone
641,Product 641,Sports,electronics.smartphone,smartphone
642,Product 642,Home,electronics.smartphone,smartphone
643,Product 643,Electronics,electronics.smartphone,smartphone
644,Product 644,Clothing,electronics.smartphone,smartphone
645,Product 645,Electronics,electronics.smartphone,smartphone
646,Product 646,Clothing,electronics.smartphone,smartphone
647,Product 647,Home,electronics.smartphone,smartphone
648,Product 648,Sports,electronics.smartphone,smartphone
649,Product 649,Sports,electronics.smartphone,smartphone
650,Product 650,Electronics,electronics.smartphone,smartphone
651,Product 651,Home,electronics.smartphone,smartphone
652,Product 652,Home,electronics.smartphone,smartphone
653,Product 653,Home,electronics.smartphone,smartphone
654,Product 654,Clothing,electronics.smartphone,smartphone
655,Product 655,Sports,electronics.smartphone,smartphone
656,Product 656,Clothing,electronics.smartphone,smartphone
657,Product 657,Sports,electronics.smartphone,smartphone
658,Product 658,Electronics,electronics.smartphone,smartphone
659,Product 659,Sports,electronics.smartphone,smartphone
660,Product 660,Electronics,electronics.smartphone,smartphone
661,Product 661,Sports,electronics.smartphone,smartphone
662,Product 662,Home,electronics.smartphone,smartphone
663,Product 663,Clothing,electronics.smartphone,smartphone
664,Product 664,Electronics,electronics.smartphone,smartphone
665,Product 665,Sports,electronics.smartphone,smartphone
666,Product 666,Clothing,electronics.smartphone,smartphone
667,Product 667,Electronics,electronics.smartphone,smartphone
668,Product 668,Electronics,electronics.smartphone,smartphone
669,Product 669,Electronics,electronics.smartphone,smartphone
670,Product 670,Electronics,electronics.smartphone,smartphone
671,Product 671,Home,electronics.smartphone,smartphone
672,Product 672,Sports,electronics.smartphone,smartphone
673,Product 673,Clothing,electronics.smartphone,smartphone
674,Product 674,Sports,electronics.smartphone,smartphone
675,Product 675,Clothing,electronics.smartphone,smartphone
676,Product 676,Sports,electronics.smartphone,smartphone
677,Product 677,Clothing,electronics.smartphone,smartphone
678,Product 678,Electronics,electronics.smartphone,smartphone
679,Product 679,Electronics,electronics.smartphone,smartphone
680,Product 680,Electronics,electronics.smartphone,smartphone
681,Product 681,Sports,electronics.smartphone,smartphone
682,Product 682,Sports,electronics.smartphone,smartphone
683,Product 683,Sports,electronics.smartphone,smartphone
684,Product 684,Home,electronics.smartphone,smartphone
685,Product 685,Clothing,electronics.smartphone,smartphone
686,Product 686,Clothing,electronics.smartphone,smartphone
687,Product 687,Sports,electronics.smartphone,smartphone
688,Product 688,Sports,electronics.smartphone,smartphone
689,Product 689,Electronics,electronics.smartphone,smartphone
690,Product 690,Clothing,electronics.smartphone,smartphone
691,Product 691,Sports,electronics.smartphone,smartphone
692,Product 692,Electronics,electronics.smartphone,smartphone
693,Product 693,Electronics,electronics.smartphone,smartphone
694,Product 694,Sports,electronics.smartphone,smartphone
695,Product 695,Home,electronics.smartphone,smartphone
696,Product 696,Clothing,electronics.smartphone,smartphone
697,Product 697,Home,electronics.smartphone,smartphone
698,Product 698,Sports,electronics.smartphone,smartphone
699,Product 699,Electronics,electronics.smartphone,smartphone
700,Product 700,Sports,electronics.smartphone,smartphone
701,Product 701,Sports,electronics.smartphone,smartphone
702,Product 702,Clothing,electronics.smartphone,smartphone
703,Product 703,Sports,electronics.smartphone,smartphone
704,Product 704,Electronics,electronics.smartphone,smartphone
705,Product 705,Sports,electronics.smartphone,smartphone
706,Product 706,Clothing,electronics.smartphone,smartphone
707,Product 707,Sports,electronics.smartphone,smartphone
708,Product 708,Clothing,electronics.smartphone,smartphone
709,Product 709,Sports,electronics.smartphone,smartphone
710,Product 710,Sports,electronics.smartphone,smartphone
711,Product 711,Home,electronics.smartphone,smartphone
712,Product 712,Electronics,electronics.smartphone,smartphone
713,Product 713,Sports,electronics.smartphone,smartphone
714,Product 714,Home,electronics.smartphone,smartphone
715,Product 715,Sports,electronics.smartphone,smartphone
716,Product 716,Electronics,electronics.smartphone,smartphone
717,Product 717,Clothing,electronics.smartphone,smartphone
718,Product 718,Clothing,electronics.smartphone,smartphone
719,Product 719,Electronics,electronics.smartphone,smartphone
720,Product 720,Electronics,electronics.smartphone,smartphone
721,Product 721,Clothing,electronics.smartphone,smartphone
722,Product 722,Clothing,electronics.smartphone,smartphone
723,Product 723,Sports,electronics.smartphone,smartphone
724,Product 724,Home,electronics.smartphone,smartphone
725,Product 725,Sports,electronics.smartphone,smartphone
726,Product 726,Clothing,electronics.smartphone,smartphone
727,Product 727,Home,electronics.smartphone,smartphone
728,Product 728,Clothing,electronics.smartphone,smartphone
729,Product 729,Electronics,electronics.smartphone,smartphone
730,Product 730,Clothing,electronics.smartphone,smartphone
731,Product 731,Clothing,electronics.smartphone,smartphone
732,Product 732,Electronics,electronics.smartphone,smartphone
733,Product 733,Home,electronics.smartphone,smartphone
734,Product 734,Electronics,electronics.smartphone,smartphone
735,Product 735,Home,electronics.smartphone,smartphone
736,Product 736,Home,electronics.smartphone,smartphone
737,Product 737,Clothing,electronics.smartphone,smartphone
738,Product 738,Sports,electronics.smartphone,smartphone
739,Product 739,Home,electronics.smartphone,smartphone
740,Product 740,Sports,electronics.smartphone,smartphone
741,Product 741,Clothing,electronics.smartphone,smartphone
742,Product 742,Sports,electronics.smartphone,smartphone
743,Product 743,Electronics,electronics.smartphone,smartphone
744,Product 744,Sports,electronics.smartphone,smartphone
745,Product 745,Electronics,electronics.smartphone,smartphone
746,Product 746,Electronics,electronics.smartphone,smartphone
747,Product 747,Sports,electronics.smartphone,smartphone
748,Product 748,Home,electronics.smartphone,smartphone
749,Product 749,Sports,electronics.smartphone,smartphone
750,Product 750,Sports,electronics.smartphone,smartphone
751,Product 751,Home,electronics.smartphone,smartphone
752,Product 752,Home,electronics.smartphone,smartphone
753,Product 753,Clothing,electronics.smartphone,smartphone
754,Product 754,Electronics,electronics.smartphone,smartphone
755,Product 755,Electronics,electronics.smartphone,smartphone
756,Product 756,Electronics,electronics.smartphone,smartphone
757,Product 757,Home,electronics.smartphone,smartphone
758,Product 758,Electronics,electronics.smartphone,smartphone
759,Product 759,Clothing,electronics.smartphone,smartphone
760,Product 760,Clothing,electronics.smartphone,smartphone
761,Product 761,Clothing,electronics.smartphone,smartphone
762,Product 762,Home,electronics.smartphone,smartphone
763,Product 763,Electronics,electronics.smartphone,smartphone
764,Product 764,Sports,electronics.smartphone,smartphone
765,Product 765,Sports,electronics.smartphone,smartphone
766,Product 766,Clothing,electronics.smartphone,smartphone
767,Product 767,Sports,electronics.smartphone,smartphone
768,Product 768,Electronics,electronics.smartphone,smartphone
769,Product 769,Clothing,electronics.smartphone,smartphone
770,Product 770,Sports,electronics.smartphone,smartphone
771,Product 771,Clothing,electronics.smartphone,smartphone
772,Product 772,Electronics,electronics.smartphone,smartphone
773,Product 773,Clothing,electronics.smartphone,smartphone
774,Product 774,Sports,electronics.smartphone,smartphone
775,Product 775,Electronics,electronics.smartphone,smartphone
776,Product 776,Sports,electronics.smartphone,smartphone
777,Product 777,Clothing,electronics.smartphone,smartphone
778,Product 778,Clothing,electronics.smartphone,smartphone
779,Product 779,Clothing,electronics.smartphone,smartphone
780,Product 780,Home,electronics.smartphone,smartphone
781,Product 781,Home,electronics.smartphone,smartphone
782,Product 782,Sports,electronics.smartphone,smartphone
783,Product 783,Home,electronics.smartphone,smartphone
784,Product 784,Sports,electronics.smartphone,smartphone
785,Product 785,Sports,electronics.smartphone,smartphone
786,Product 786,Clothing,electronics.smartphone,smartphone
787,Product 787,Sports,electronics.smartphone,smartphone
788,Product 788,Electronics,electronics.smartphone,smartphone
789,Product 789,Clothing,electronics.smartphone,smartphone
790,Product 790,Clothing,electronics.smartphone,smartphone
791,Product 791,Electronics,electronics.smartphone,smartphone
792,Product 792,Home,electronics.smartphone,smartphone
793,Product 793,Home,electronics.smartphone,smartphone
794,Product 794,Clothing,electronics.smartphone,smartphone
795,Product 795,Sports,electronics.smartphone,smartphone
796,Product 796,Electronics,electronics.smartphone,smartphone
797,Product 797,Home,electronics.smartphone,smartphone
798,Product 798,Sports,electronics.smartphone,smartphone
799,Product 799,Home,electronics.smartphone,smartphone
800,Product 800,Electronics,electronics.smartphone,smartphone
801,Product 801,Sports,electronics.smartphone,smartphone
802,Product 802,Electronics,electronics.smartphone,smartphone
803,Product 803,Clothing,electronics.smartphone,smartphone
804,Product 804,Electronics,electronics.smartphone,smartphone
805,Product 805,Sports,electronics.smartphone,smartphone
806,Product 806,Electronics,electronics.smartphone,smartphone
807,Product 807,Electronics,electronics.smartphone,smartphone
808,Product 808,Sports,electronics.smartphone,smartphone
809,Product 809,Sports,electronics.smartphone,smartphone
810,Product 810,Home,electronics.smartphone,smartphone
811,Product 811,Electronics,electronics.smartphone,smartphone
812,Product 812,Clothing,electronics.smartphone,smartphone
813,Product 813,Sports,electronics.smartphone,smartphone
814,Product 814,Sports,electronics.smartphone,smartphone
815,Product 815,Home,electronics.smartphone,smartphone
816,Product 816,Sports,electronics.smartphone,smartphone
817,Product 817,Electronics,electronics.smartphone,smartphone
818,Product 818,Electronics,electronics.smartphone,smartphone
819,Product 819,Sports,electronics.smartphone,smartphone
820,Product 820,Clothing,electronics.smartphone,smartphone
821,Product 821,Sports,electronics.smartphone,smartphone
822,Product 822,Sports,electronics.smartphone,smartphone
823,Product 823,Electronics,electronics.smartphone,smartphone
824,Product 824,Clothing,electronics.smartphone,smartphone
825,Product 825,Electronics,electronics.smartphone,smartphone
826,Product 826,Electronics,electronics.smartphone,smartphone
827,Product 827,Clothing,electronics.smartphone,smartphone
828,Product 828,Sports,electronics.smartphone,smartphone
829,Product 829,Clothing,electronics.smartphone,smartphone
830,Product 830,Clothing,electronics.smartphone,smartphone
831,Product 831,Clothing,electronics.smartphone,smartphone
832,Product 832,Home,electronics.smartphone,smartphone
833,Product 833,Sports,electronics.smartphone,smartphone
834,Product 834,Home,electronics.smartphone,smartphone
835,Product 835,Sports,electronics.smartphone,smartphone
836,Product 836,Sports,electronics.smartphone,smartphone
837,Product 837,Clothing,electronics.smartphone,smartphone
838,Product 838,Clothing,electronics.smartphone,smartphone
839,Product 839,Home,electronics.smartphone,smartphone
840,Product 840,Electronics,electronics.smartphone,smartphone
841,Product 841,Electronics,electronics.smartphone,smartphone
842,Product 842,Home,electronics.smartphone,smartphone
843,Product 843,Home,electronics.smartphone,smartphone
844,Product 844,Home,electronics.smartphone,smartphone
845,Product 845,Clothing,electronics.smartphone,smartphone
846,Product 846,Sports,electronics.smartphone,smartphone
847,Product 847,Sports,electronics.smartphone,smartphone
848,Product 848,Sports,electronics.smartphone,smartphone
849,Product 849,Clothing,electronics.smartphone,smartphone
850,Product 850,Clothing,electronics.smartphone,smartphone
851,Product 851,Electronics,electronics.smartphone,smartphone
852,Product 852,Home,electronics.smartphone,smartphone
853,Product 853,Sports,electronics.smartphone,smartphone
854,Product 854,Home,electronics.smartphone,smartphone
855,Product 855,Sports,electronics.smartphone,smartphone
856,Product 856,Sports,electronics.smartphone,smartphone
857,Product 857,Sports,electronics.smartphone,smartphone
858,Product 858,Sports,electronics.smartphone,smartphone
859,Product 859,Clothing,electronics.smartphone,smartphone
860,Product 860,Sports,electronics.smartphone,smartphone
861,Product 861,Sports,electronics.smartphone,smartphone
862,Product 862,Clothing,electronics.smartphone,smartphone
863,Product 863,Clothing,electronics.smartphone,smartphone
864,Product 864,Home,electronics.smartphone,smartphone
865,Product 865,Clothing,electronics.smartphone,smartphone
866,Product 866,Clothing,electronics.smartphone,smartphone
867,Product 867,Sports,electronics.smartphone,smartphone
868,Product 868,Electronics,electronics.smartphone,smartphone
869,Product 869,Electronics,electronics.smartphone,smartphone
870,Product 870,Clothing,electronics.smartphone,smartphone
871,Product 871,Clothing,electronics.smartphone,smartphone
872,Product 872,Electronics,electronics.smartphone,smartphone
873,Product 873,Home,electronics.smartphone,smartphone
874,Product 874,Electronics,electronics.smartphone,smartphone
875,Product 875,Sports,electronics.smartphone,smartphone
876,Product 876,Home,electronics.smartphone,smartphone
877,Product 877,Home,electronics.smartphone,smartphone
878,Product 878,Clothing,electronics.smartphone,smartphone
879,Product 879,Electronics,electronics.smartphone,smartphone
880,Product 880,Electronics,electronics.smartphone,smartphone
881,Product 881,Electronics,electronics.smartphone,smartphone
882,Product 882,Electronics,electronics.smartphone,smartphone
883,Product 883,Clothing,electronics.smartphone,smartphone
884,Product 884,Home,electronics.smartphone,smartphone
885,Product 885,Clothing,electronics.smartphone,smartphone
886,Product 886,Home,electronics.smartphone,smartphone
887,Product 887,Sports,electronics.smartphone,smartphone
888,Product 888,Sports,electronics.smartphone,smartphone
889,Product 889,Clothing,electronics.smartphone,smartphone
890,Product 890,Sports,electronics.smartphone,smartphone
891,Product 891,Sports,electronics.smartphone,smartphone
892,Product 892,Clothing,electronics.smartphone,smartphone
893,Product 893,Home,electronics.smartphone,smartphone
894,Product 894,Sports,electronics.smartphone,smartphone
895,Product 895,Clothing,electronics.smartphone,smartphone
896,Product 896,Home,electronics.smartphone,smartphone
897,Product 897,Electronics,electronics.smartphone,smartphone
898,Product 898,Clothing,electronics.smartphone,smartphone
899,Product 899,Home,electronics.smartphone,smartphone
900,Product 900,Sports,electronics.smartphone,smartphone
901,Product 901,Clothing,electronics.smartphone,smartphone
902,Product 902,Electronics,electronics.smartphone,smartphone
903,Product 903,Clothing,electronics.smartphone,smartphone
904,Product 904,Electronics,electronics.smartphone,smartphone
905,Product 905,Home,electronics.smartphone,smartphone
906,Product 906,Clothing,electronics.smartphone,smartphone
907,Product 907,Electronics,electronics.smartphone,smartphone
908,Product 908,Clothing,electronics.smartphone,smartphone
909,Product 909,Clothing,electronics.smartphone,smartphone
910,Product 910,Sports,electronics.smartphone,smartphone
911,Product 911,Sports,electronics.smartphone,smartphone
912,Product 912,Electronics,electronics.smartphone,smartphone
913,Product 913,Clothing,electronics.smartphone,smartphone
914,Product 914,Home,electronics.smartphone,smartphone
915,Product 915,Home,electronics.smartphone,smartphone
916,Product 916,Electronics,electronics.smartphone,smartphone
917,Product 917,Electronics,electronics.smartphone,smartphone
918,Product 918,Electronics,electronics.smartphone,smartphone
919,Product 919,Home,electronics.smartphone,smartphone
920,Product 920,Sports,electronics.smartphone,smartphone
921,Product 921,Sports,electronics.smartphone,smartphone
922,Product 922,Sports,electronics.smartphone,smartphone
923,Product 923,Sports,electronics.smartphone,smartphone
924,Product 924,Home,electronics.smartphone,smartphone
925,Product 925,Sports,electronics.smartphone,smartphone
926,Product 926,Sports,electronics.smartphone,smartphone
927,Product 927,Home,electronics.smartphone,smartphone
928,Product 928,Electronics,electronics.smartphone,smartphone
929,Product 929,Electronics,electronics.smartphone,smartphone
930,Product 930,Sports,electronics.smartphone,smartphone
931,Product 931,Electronics,electronics.smartphone,smartphone
932,Product 932,Sports,electronics.smartphone,smartphone
933,Product 933,Home,electronics.smartphone,smartphone
934,Product 934,Electronics,electronics.smartphone,smartphone
935,Product 935,Home,electronics.smartphone,smartphone
936,Product 936,Electronics,electronics.smartphone,smartphone
937,Product 937,Home,electronics.smartphone,smartphone
938,Product 938,Home,electronics.smartphone,smartphone
939,Product 939,Home,electronics.smartphone,smartphone
940,Product 940,Home,electronics.smartphone,smartphone
941,Product 941,Electronics,electronics.smartphone,smartphone
942,Product 942,Home,electronics.smartphone,smartphone
943,Product 943,Electronics,electronics.smartphone,smartphone
944,Product 944,Electronics,electronics.smartphone,smartphone
945,Product 945,Electronics,electronics.smartphone,smartphone
946,Product 946,Sports,electronics.smartphone,smartphone
947,Product 947,Clothing,electronics.smartphone,smartphone
948,Product 948,Clothing,electronics.smartphone,smartphone
949,Product 949,Home,electronics.smartphone,smartphone
950,Product 950,Home,electronics.smartphone,smartphone
951,Product 951,Home,electronics.smartphone,smartphone
952,Product 952,Home,electronics.smartphone,smartphone
953,Product 953,Sports,electronics.smartphone,smartphone
954,Product 954,Home,electronics.smartphone,smartphone
955,Product 955,Home,electronics.smartphone,smartphone
956,Product 956,Electronics,electronics.smartphone,smartphone
957,Product 957,Electronics,electronics.smartphone,smartphone
958,Product 958,Sports,electronics.smartphone,smartphone
959,Product 959,Electronics,electronics.smartphone,smartphone
960,Product 960,Sports,electronics.smartphone,smartphone
961,Product 961,Clothing,electronics.smartphone,smartphone
962,Product 962,Electronics,electronics.smartphone,smartphone
963,Product 963,Sports,electronics.smartphone,smartphone
964,Product 964,Home,electronics.smartphone,smartphone
965,Product 965,Electronics,electronics.smartphone,smartphone
966,Product 966,Electronics,electronics.smartphone,smartphone
967,Product 967,Home,electronics.smartphone,smartphone
968,Product 968,Clothing,electronics.smartphone,smartphone
969,Product 969,Clothing,electronics.smartphone,smartphone
970,Product 970,Home,electronics.smartphone,smartphone
971,Product 971,Electronics,electronics.smartphone,smartphone
972,Product 972,Clothing,electronics.smartphone,smartphone
973,Product 973,Sports,electronics.smartphone,smartphone
974,Product 974,Electronics,electronics.smartphone,smartphone
975,Product 975,Home,electronics.smartphone,smartphone
976,Product 976,Home,electronics.smartphone,smartphone
977,Product 977,Electronics,electronics.smartphone,smartphone
978,Product 978,Sports,electronics.smartphone,smartphone
979,Product 979,Home,electronics.smartphone,smartphone
980,Product 980,Electronics,electronics.smartphone,smartphone
981,Product 981,Electronics,electronics.smartphone,smartphone
982,Product 982,Sports,electronics.smartphone,smartphone
983,Product 983,Home,electronics.smartphone,smartphone
984,Product 984,Sports,electronics.smartphone,smartphone
985,Product 985,Electronics,electronics.smartphone,smartphone
986,Product 986,Home,electronics.smartphone,smartphone
987,Product 987,Electronics,electronics.smartphone,smartphone
988,Product 988,Electronics,electronics.smartphone,smartphone
989,Product 989,Electronics,electronics.smartphone,smartphone
990,Product 990,Sports,electronics.smartphone,smartphone
991,Product 991,Home,electronics.smartphone,smartphone
992,Product 992,Clothing,electronics.smartphone,smartphone
993,Product 993,Clothing,electronics.smartphone,smartphone
994,Product 994,Clothing,electronics.smartphone,smartphone
995,Product 995,Home,electronics.smartphone,smartphone
996,Product 996,Electronics,electronics.smartphone,smartphone
997,Product 997,Sports,electronics.smartphone,smartphone
998,Product 998,Clothing,electronics.smartphone,smartphone
999,Product 999,Clothing,electronics.smartphone,smartphone
1000,Product 1000,Home,electronics.smartphone,smartphone
